"","age_group","severity_0","severity_V_1","severity_V_2","severity_V_3","severity_V_4","severity_1","severity_2","severity_3","severity_4"
"1","0-17 years",1,0.416397297082957,0.378239644744526,0.372669647948481,0.457809309450556,0.152765600896379,0.138766526624977,0.130476830280198,0.122685956921748
"2","18-49 years",1,0.416397297082957,0.378239644744526,0.372669647948481,0.457809309450556,0.152765600896379,0.138766526624977,0.130476830280198,0.122685956921748
"3","50-64 years",1,0.428303406812536,0.389054707056297,0.372314561419393,0.444020416034494,0.157133650400828,0.142734298520625,0.134207573657656,0.126193934700715
"4","65-74 years",1,0.4937583173285,0.448511486131908,0.421718107947648,0.422705872669752,0.181147395942982,0.164547481858939,0.154717671370167,0.145479358472999
"5","75+ years",1,0.4937583173285,0.448511486131908,0.421718107947648,0.422705872669752,0.181147395942982,0.164547481858939,0.154717671370167,0.145479358472999
