"","age_group","severe_inf_total"
"1","0-17 years",88.94641
"2","18-49 years",812.154111333333
"3","50-64 years",698.509243
"4","65-74 years",447.04044
"5","75+ years",641.461441666667
